{
    "R2": {
        "0ml": {
            "pH": 0.505165463995949,
            "nitro": 0.2723162923616089,
            "phosphorus": 0.24299986982234145,
            "potassium": 0.24947919475271985,
            "capacityMoist": 0.5208028461833206,
            "temperature": 0.9451899418051616,
            "moisture": 0.2020687390750565,
            "electricalConductivity": 0.2514386780525739
        },
        "25ml": {
            "pH": 0.5434563953562834,
            "nitro": 0.6155639557374777,
            "phosphorus": 0.633480047607263,
            "potassium": 0.6131051985504501,
            "capacityMoist": 0.8960912397143835,
            "temperature": 0.8901442852596888,
            "moisture": 0.9252864656136832,
            "electricalConductivity": 0.749926892242305
        },
        "50ml": {
            "pH": 0.6239686867575254,
            "nitro": 0.8797354917477076,
            "phosphorus": 0.8846393647617552,
            "potassium": 0.8859296517948818,
            "capacityMoist": 0.8547512471275762,
            "temperature": 0.9366204326084824,
            "moisture": 0.8645709978181388,
            "electricalConductivity": 0.8848054171816153
        }
    },
    "MAE": {
        "0ml": {
            "pH": 0.14519323659225375,
            "nitro": 0.004673950361225861,
            "phosphorus": 0.00630837192055032,
            "potassium": 0.01611224539215225,
            "capacityMoist": 17.1401462376798,
            "temperature": 0.17666881567142062,
            "moisture": 0.7275261069517791,
            "electricalConductivity": 0.06595965263295903
        },
        "25ml": {
            "pH": 0.20128675329234708,
            "nitro": 0.006633154496917187,
            "phosphorus": 0.009287725252063835,
            "potassium": 0.02223642666889571,
            "capacityMoist": 28.679841382460936,
            "temperature": 0.41510297971038607,
            "moisture": 0.8424153183536448,
            "electricalConductivity": 0.08747932262634682
        },
        "50ml": {
            "pH": 0.1753623443981895,
            "nitro": 0.007819988570180878,
            "phosphorus": 0.009571864065950899,
            "potassium": 0.02504949348780309,
            "capacityMoist": 18.217243450530955,
            "temperature": 0.27046867491310156,
            "moisture": 1.2213741356862875,
            "electricalConductivity": 0.1251216318379648
        }
    },
    "RMSE": {
        "0ml": {
            "pH": 0.22317517836325781,
            "nitro": 0.02247189788716158,
            "phosphorus": 0.030767210488070865,
            "potassium": 0.07869617467463202,
            "capacityMoist": 23.708690225329903,
            "temperature": 0.31713808057526327,
            "moisture": 3.6525505305913715,
            "electricalConductivity": 0.3263954277782796
        },
        "25ml": {
            "pH": 0.27442224515330593,
            "nitro": 0.016325210983517954,
            "phosphorus": 0.0221413972385685,
            "potassium": 0.05643807427276445,
            "capacityMoist": 39.75893040719381,
            "temperature": 0.670912443793343,
            "moisture": 1.5061439319962637,
            "electricalConductivity": 0.2124355191195916
        },
        "50ml": {
            "pH": 0.22238107012179292,
            "nitro": 0.01391762408429932,
            "phosphorus": 0.018243288164490667,
            "potassium": 0.04589018696205403,
            "capacityMoist": 27.04300001021725,
            "temperature": 0.39901897802097297,
            "moisture": 2.404336641466273,
            "electricalConductivity": 0.23176989297603603
        }
    }
}